<?xml version="1.0" encoding="UTF-8"?>
<project-private xmlns="http://www.netbeans.org/ns/project-private/1">
    <editor-bookmarks xmlns="http://www.netbeans.org/ns/editor-bookmarks/2" lastBookmarkId="0"/>
    <open-files xmlns="http://www.netbeans.org/ns/projectui-open-files/2">
        <group>
            <file>file:/C:/Users/Junior/Documents/NetBeansProjects/buzuDoZe/src/bean/empresa.java</file>
            <file>file:/C:/Users/Junior/Documents/NetBeansProjects/buzuDoZe/src/bean/assento.java</file>
            <file>file:/C:/Users/Junior/Documents/NetBeansProjects/buzuDoZe/src/view/empresaPrincipal.java</file>
            <file>file:/C:/Users/Junior/Documents/NetBeansProjects/buzuDoZe/src/bean/rotas.java</file>
            <file>file:/C:/Users/Junior/Documents/NetBeansProjects/buzuDoZe/src/bean/cliente.java</file>
            <file>file:/C:/Users/Junior/Documents/NetBeansProjects/buzuDoZe/src/bean/viagens.java</file>
            <file>file:/C:/Users/Junior/Documents/NetBeansProjects/buzuDoZe/src/bean/onibus.java</file>
            <file>file:/C:/Users/Junior/Documents/NetBeansProjects/buzuDoZe/src/view/comprarPassagem.java</file>
        </group>
    </open-files>
</project-private>
