<?xml version="1.0" encoding="UTF-8"?>
<project-private xmlns="http://www.netbeans.org/ns/project-private/1">
    <editor-bookmarks xmlns="http://www.netbeans.org/ns/editor-bookmarks/2" lastBookmarkId="0"/>
    <open-files xmlns="http://www.netbeans.org/ns/projectui-open-files/2">
        <group>
            <file>file:/C:/Users/Junior/Documents/NetBeansProjects/JavaJPA/src/br/com/descompila/model/dao/CategoriaDAO.java</file>
            <file>file:/C:/Users/Junior/Documents/NetBeansProjects/JavaJPA/src/br/com/descompila/model/bean/testes/ProdutoTeste.java</file>
            <file>file:/C:/Users/Junior/Documents/NetBeansProjects/JavaJPA/src/br/com/descompila/model/dao/ProdutoDAO.java</file>
            <file>file:/C:/Users/Junior/Documents/NetBeansProjects/JavaJPA/src/br/com/descompila/model/bean/Produto.java</file>
            <file>file:/C:/Users/Junior/Documents/NetBeansProjects/JavaJPA/src/br/com/descompila/model/bean/Categoria.java</file>
        </group>
    </open-files>
</project-private>
